Model,BertScore,Inference Time,Balance
gpt-3.5 turbo,0.743984,2.231066,2.998811
gpt 4o,0.766834,7.761573,10.121579
Gemini 2.0,0.761537,4.486523,5.891408
Gemini 2.5,0.823151,37.894015,46.035342
Llama 3.1:8b,0.740452,5.723175,7.729298
Llama 3.2:1b,0.736552,4.738313,6.433100
Qwen 2.5:1.5b,0.778243,6.963823,8.948139
Qwen 2.5:7b,0.790230,9.263823,11.722951
DeepSeek-r1:7b,0.708317,12.852420,18.145021
DeepSeek-r1:1.5b,0.731428,15.152420,20.716212