Model,BertScore,Inference Time,Balance
gpt-3.5 turbo,0.9562,3.096842,3.2386
gpt 4o,0.9412,5.878421,6.2454
Gemini 2.0,0.3754,3.557895,9.4773
Gemini 2.5,0.5466,5.857895,10.7162
Llama 3.1:8b,0.5452,11.695263,21.4514
Llama 3.2:1b,-0.0137,3.045789,-222.2919
Qwen 2.5:1.5b,0.3047,4.522632,14.8439
Qwen 2.5:7b,0.4865,9.870000,20.2894
DeepSeek-r1:7b,0.3241,8.006316,24.7070
DeepSeek-r1:1.5b,0.0498,5.567895,111.8709