Model,BertScore,Inference Time,Balance
gpt-3.5 turbo,0.984713,11.543684,11.722898
gpt 4o,0.825736,14.755789,17.869861
Gemini 2.0,0.699804,11.231053,16.048850
Gemini 2.5,0.674496,29.114211,43.164390
Llama 3.1:8b,0.749944,14.330000,19.108104
Llama 3.2:1b,0.684438,9.432105,13.780806
Qwen 2.5:1.5b,0.743103,16.344737,21.995264
Qwen 2.5:7b,0.719020,14.100526,19.610753
DeepSeek-r1:7b,0.597210,39.222105,65.675580
DeepSeek-r1:1.5b,0.650695,20.062941,30.833085